,val_average_acc_mean,val_best_acc_mean,val_worst_acc_mean,train_head_A_mean,train_head_B_mean
0,0.2761266648769379,0.28148332238197327,0.26768332719802856,0.8219458836741973,0.4692691281696685
1,0.2581900000572205,0.2639666795730591,0.2543666660785675,1.3107066745311036,0.8407839140295985
2,0.30509000420570376,0.3075833320617676,0.30273333191871643,1.5389282631874077,0.9330144652724266
3,0.29586000442504884,0.31189998984336853,0.2865833342075348,1.6774230465292925,0.9613775596022608
4,0.2881633400917053,0.2927166819572449,0.2844833433628082,1.7709748718142504,0.9858453451097003
5,0.28988667130470275,0.2950666844844818,0.2833166718482971,1.8731931954622272,1.0012333892285818
6,0.34079999923706056,0.3436833322048187,0.3375999927520752,1.9696442574262623,1.007567215263842
7,0.3393933415412903,0.3442000150680542,0.33623334765434265,2.0820337763428696,1.0210585282742972
8,0.35340667963027955,0.35606667399406433,0.35056668519973755,2.181745177656411,1.0435389296710484
9,0.35913333892822263,0.3619333505630493,0.3564999997615814,2.234300568103788,1.0426724518835537
10,0.369760000705719,0.3734999895095825,0.3665333390235901,2.2821421602368326,1.0885751731693747
11,0.3774400055408478,0.3795333504676819,0.375983327627182,2.306109176278116,1.085803753733635
12,0.36981667280197145,0.3726833462715149,0.36845001578330994,2.3246153604984277,1.0992015998065465
13,0.3871733367443085,0.389683336019516,0.3856666684150696,2.337972507774828,1.11337945818901
14,0.4134566724300385,0.41530001163482666,0.4117666780948639,2.3486242273449847,1.1101232461631287
15,0.38268667459487915,0.38421666622161865,0.38040000200271606,2.356982229948043,1.129962591677905
16,0.39111666679382323,0.3921833336353302,0.39024999737739563,2.3592828246951094,1.1312030646204942
17,0.40770334005355835,0.4112333357334137,0.4063166677951813,2.379178948104382,1.1425174683332442
18,0.39909001588821413,0.4023333489894867,0.39693334698677063,2.391829110682011,1.142839564830065
19,0.4219766676425934,0.42373332381248474,0.42125001549720764,2.397341263294221,1.1420568209886552
20,0.4224900007247925,0.4237000048160553,0.4216333329677582,2.423900370895864,1.1645520140230656
21,0.4259866654872894,0.4272666573524475,0.42461666464805603,2.4346659913659106,1.1798322002589698
22,0.4238100051879883,0.42498335242271423,0.4228833317756653,2.4403107485175113,1.1762725371122371
23,0.42427666783332824,0.42518332600593567,0.42329999804496765,2.451009887754916,1.1790681619942176
24,0.43965667486190796,0.4414333403110504,0.4369833469390869,2.4602465072274184,1.1846773964166641
25,0.4101200044155121,0.4112333357334137,0.40915000438690186,2.4580800116062176,1.1919387893378741
26,0.4433766782283783,0.4445333480834961,0.4412333369255066,2.470058575570584,1.1851679828763009
27,0.4498800039291382,0.45071667432785034,0.44911667704582214,2.4740791550278676,1.1992398625612268
28,0.4385766744613647,0.43950000405311584,0.43763333559036255,2.480485727190975,1.2015148757398137
29,0.43455333113670347,0.435783326625824,0.4339166581630707,2.4889286872744565,1.2072551578283306
30,0.4518233358860016,0.45311668515205383,0.4506833255290985,2.511529524922372,1.217844099998474
31,0.44175000190734864,0.442466676235199,0.4414166808128357,2.5179328483343095,1.2309934848546982
32,0.45206333994865416,0.4527333378791809,0.45083335041999817,2.5251904991269103,1.2344675183296208
33,0.4548133373260498,0.45551666617393494,0.45419999957084656,2.5250118142366396,1.234893332421778
34,0.4684333443641663,0.46888333559036255,0.4679666757583618,2.5340893495082852,1.230935325026512
35,0.465886664390564,0.466949999332428,0.46363332867622375,2.539799326062202,1.243615530431271
36,0.45483334064483644,0.4553333520889282,0.45430001616477966,2.5416378316283232,1.2427020192146305
37,0.4624900043010712,0.4634833335876465,0.4608500003814697,2.54764927506447,1.244547029733659
38,0.47231667041778563,0.4732833504676819,0.4709833264350891,2.5513896179199267,1.2436498081684115
39,0.4619200050830841,0.46240001916885376,0.46096667647361755,2.5567999890446687,1.2463936439156538
40,0.4781633377075195,0.47901666164398193,0.4760500192642212,2.5594872766733148,1.257378022968769
41,0.47832334637641905,0.4793500006198883,0.4760500192642212,2.5639700293540915,1.246115487217903
42,0.47302334308624266,0.4740833342075348,0.4717666804790497,2.5720940274000146,1.2533768758177752
43,0.47217999696731566,0.4728499948978424,0.4715166687965393,2.572186309695242,1.2661874175071715
44,0.46999667286872865,0.4706999957561493,0.46958333253860474,2.57184470176697,1.2646780079603186
45,0.4730800032615662,0.47396665811538696,0.47210001945495605,2.579243527650836,1.2731966754794108
46,0.4923133373260498,0.49293333292007446,0.49079999327659607,2.5818920463323565,1.2634177517890943
47,0.4750466704368591,0.4761333465576172,0.47235000133514404,2.5867276811599775,1.2638978514075274
48,0.4892100036144257,0.4896833300590515,0.4879166781902313,2.5916727128624895,1.2676874169707297
49,0.4903800070285797,0.4912000000476837,0.48831668496131897,2.595812606811525,1.2724181959033003
50,0.49612666964530944,0.4968833327293396,0.4947499930858612,2.608029743731022,1.285809787511825
51,0.49563000202178953,0.49639999866485596,0.49435001611709595,2.6156087720394154,1.2975444695353509
52,0.4982466697692871,0.4990333318710327,0.4966833293437958,2.6198923665285117,1.2907071581482878
53,0.4972833454608917,0.49763333797454834,0.49658334255218506,2.6253549122810345,1.2960798141360281
54,0.49338001012802124,0.4936000108718872,0.49318334460258484,2.6238411000370983,1.296408103406429
55,0.4995400130748749,0.5001333355903625,0.4978833496570587,2.6264870005846026,1.295525532066821
56,0.49702667593955996,0.49756667017936707,0.49568334221839905,2.6278252449631707,1.301296420693398
57,0.49827333688735964,0.4985499978065491,0.49781668186187744,2.6350327658653283,1.3047979530692093
58,0.49768334031105044,0.4983333349227905,0.4960833489894867,2.6366246947646177,1.3052867901325214
59,0.5003333330154419,0.5006666779518127,0.4991166591644287,2.6377934220433223,1.3050646796822538
60,0.4965500056743622,0.49691668152809143,0.4958000183105469,2.6378722384572013,1.3062835207581516
61,0.5021000146865845,0.5026833415031433,0.5014166831970215,2.6387002223730103,1.307649726867675
62,0.5073866724967957,0.5078833103179932,0.5061666965484619,2.646732127666473,1.3096187177300456
63,0.49265667200088503,0.49328333139419556,0.4917166829109192,2.6477620106935498,1.3108660060167305
64,0.5063833475112915,0.506683349609375,0.5053166747093201,2.6516726842522615,1.3068280550837517
65,0.5043000102043151,0.5052666664123535,0.503166675567627,2.6548380565643326,1.313819146454334
66,0.5100800037384033,0.5105166435241699,0.5092499852180481,2.650755301713941,1.3172757533192634
67,0.5017566680908203,0.5024333596229553,0.5007500052452087,2.6542685005068782,1.3150995555520038
68,0.5040733456611634,0.5044166445732117,0.5034666657447815,2.655974708199501,1.3234344449639326
69,0.5069766640663147,0.5075833201408386,0.5060499906539917,2.6661111471056973,1.3147599107027057
70,0.5063000082969665,0.506933331489563,0.5057166814804077,2.670862087309362,1.3299437010288249
71,0.5107033371925354,0.5111666917800903,0.5103999972343445,2.676273109614848,1.3327105531096468
72,0.509250009059906,0.5095666646957397,0.508566677570343,2.6737033718824397,1.3334013900160788
73,0.5134033322334289,0.513949990272522,0.5129166841506958,2.6794468405842786,1.3350180599093435
74,0.5061166763305665,0.5065333247184753,0.5054333209991455,2.6848577827215183,1.3309791195392628
75,0.5059733510017395,0.5064499974250793,0.5054500102996826,2.683149912357325,1.3362053471803663
76,0.5116766691207886,0.5121833682060242,0.5112833380699158,2.6867527115344965,1.3337219560146338
77,0.5149333477020264,0.5153999924659729,0.5141500234603882,2.689213168025018,1.3423507785797124
78,0.5185966730117798,0.5188666582107544,0.5182333588600159,2.6856081476807594,1.3444445177912707
79,0.5126500010490418,0.5132833123207092,0.5120333433151245,2.6891052210330977,1.348982638418675
80,0.5158999919891357,0.5162833333015442,0.5155666470527649,2.689682804048058,1.3488854092359543
81,0.5181000113487244,0.5187166929244995,0.5171833634376526,2.6949534118175507,1.3405566847324362
82,0.5188099980354309,0.5192500352859497,0.5183333158493042,2.6963769653439527,1.347597730755807
83,0.5156400084495545,0.5161666870117188,0.5148333311080933,2.6964643764495837,1.3474706777930254
84,0.5142733454704285,0.5146999955177307,0.5135999917984009,2.6996227771043793,1.3449727627635004
85,0.5106366753578186,0.5110999941825867,0.5099000334739685,2.699127288162709,1.3488350141048433
86,0.51774001121521,0.5180166959762573,0.5171666741371155,2.700466622114181,1.349839584231377
87,0.5182466864585876,0.518500030040741,0.5179333686828613,2.704255568087102,1.352267329096794
88,0.5208566784858704,0.5212000012397766,0.5206500291824341,2.702548190951347,1.34773109793663
89,0.5261833310127259,0.5264333486557007,0.5257499814033508,2.702780348062516,1.349254381060601
90,0.5231366753578186,0.5234333276748657,0.5227167010307312,2.7065064394474017,1.3521529090404494
91,0.5229233503341675,0.5233166813850403,0.5227833390235901,2.7043054854869824,1.348112967610358
92,0.5251933455467224,0.5254666805267334,0.5248333215713501,2.708974598050116,1.3577692115306856
93,0.5201433420181274,0.5203999876976013,0.5199333429336548,2.7104862284660354,1.354568527340888
94,0.5177566766738891,0.5181500315666199,0.5174000263214111,2.712776352763179,1.3579579210281392
95,0.5157000184059143,0.5160333514213562,0.515250027179718,2.7143700146675114,1.358046319782734
96,0.5201033353805542,0.5205333232879639,0.5194833278656006,2.7162192538380623,1.3617695513367651
97,0.5233200073242188,0.5237666964530945,0.5230666995048523,2.7172901973128347,1.365287902355194
98,0.5249699950218201,0.5252333283424377,0.5247833132743835,2.7200139418244413,1.36707629173994
99,0.5159066677093506,0.5163833498954773,0.515666663646698,2.7189764642715426,1.3597040325403216
100,0.5160133361816406,0.5164333581924438,0.5153999924659729,2.720237243175506,1.359308379590511
101,0.5188366770744324,0.5192500352859497,0.5183166861534119,2.719995971322061,1.3583841890096662
102,0.5216166615486145,0.5220333337783813,0.5213833451271057,2.71990100890398,1.3653730091452587
103,0.5228533387184143,0.5230000019073486,0.5226333141326904,2.728834791779514,1.360548971295358
104,0.5215933442115783,0.5219166874885559,0.5214000344276428,2.7289792060852047,1.3680012959241865
105,0.5238866686820984,0.5240333676338196,0.5237166881561279,2.7296131566166886,1.3712405443191533
106,0.5300066828727722,0.5304333567619324,0.5297166705131531,2.7272302195429807,1.368968175053598
107,0.5222599983215332,0.5223666429519653,0.5222166776657104,2.7309719422459575,1.3642986530065537
108,0.5257833361625671,0.5259333252906799,0.5253833532333374,2.730841220617294,1.371217153370381
109,0.5300833463668824,0.5303166508674622,0.5297666788101196,2.7362904787063593,1.3764250904321667
110,0.5265200138092041,0.5271166563034058,0.5262666940689087,2.7343934202194253,1.3753863123059267
111,0.527263343334198,0.5276166796684265,0.5263833403587341,2.7355752635002117,1.3684223976731307
112,0.5260500192642212,0.5264000296592712,0.525600016117096,2.738046418130396,1.3710875016450887
113,0.5286233305931092,0.5288833379745483,0.528166651725769,2.7377577674388913,1.3768374902009965
114,0.5297000050544739,0.5299333333969116,0.5293499827384949,2.739290567040443,1.3731641662120806
115,0.5282899975776673,0.5285166501998901,0.5279333591461182,2.7405468448996526,1.3807394772768014
116,0.5269566655158997,0.5272499918937683,0.5266333222389221,2.7411446163058266,1.3779791864752768
117,0.524810004234314,0.5252500176429749,0.5244166851043701,2.740872243344777,1.3796594902873047
118,0.5267266750335693,0.5269833207130432,0.5264666676521301,2.743383484184742,1.377460631430149
119,0.5262099981307984,0.5264999866485596,0.5260000228881836,2.745341239869588,1.3720542210340496
120,0.5158866763114929,0.5161166787147522,0.515666663646698,2.7453659942746147,1.3880627089738846
121,0.534850013256073,0.5350666642189026,0.5346333384513855,2.745724065899846,1.382169864177705
122,0.5337200045585633,0.5338500142097473,0.5335666537284851,2.7470681875944143,1.3801702952384949
123,0.5242833375930787,0.5244500041007996,0.5241833329200745,2.7476882433891325,1.3862906065583231
124,0.5227500081062317,0.5230166912078857,0.5224666595458984,2.75176032781601,1.3887011981010442
125,0.525926673412323,0.526199996471405,0.5256333351135254,2.752801879942418,1.3849826869368564
126,0.5240566730499268,0.5242666602134705,0.5237833261489868,2.7506941127777123,1.3824690136313433
127,0.5253533244132995,0.5255333185195923,0.5249666571617126,2.7537775453925115,1.3864373531937595
128,0.5213566660881043,0.5215666890144348,0.521049976348877,2.756317165195941,1.3840005496144308
129,0.5223233222961425,0.522599995136261,0.5220166444778442,2.7572306257486354,1.3808508491516098
130,0.5215700030326843,0.5220333337783813,0.5210999846458435,2.7590881100296976,1.3830055689811709
131,0.5214666843414306,0.522100031375885,0.5211499929428101,2.76150746822357,1.3912611395120609
132,0.5248133420944214,0.5253333449363708,0.5242833495140076,2.761105907559398,1.391239719092846
133,0.5342066645622253,0.5345333218574524,0.5337833166122437,2.758868009448048,1.3915994292497629
134,0.5376999974250793,0.5379166603088379,0.5373666882514954,2.762349388301373,1.3883525073528282
135,0.5352966666221619,0.5356666445732117,0.5349500179290771,2.7641886299848566,1.3926058995723736
136,0.5449966669082642,0.5455166697502136,0.5446333289146423,2.7674360844492902,1.3935158032178872
137,0.5367566585540772,0.5372333526611328,0.536549985408783,2.7631398299336416,1.3921045917272574
138,0.5387766718864441,0.5389833450317383,0.5385000109672546,2.766815290451052,1.394325590729714
139,0.5355466723442077,0.5357666611671448,0.5353166460990906,2.7703223890066146,1.3951006010174734
140,0.5369733452796936,0.5371333360671997,0.5367500185966492,2.768090729117392,1.3950029012560843
141,0.5291033387184143,0.5295666456222534,0.5287500023841858,2.767501301765436,1.3928056517243397
142,0.5403466820716858,0.5405666828155518,0.5401833653450012,2.7713799050450314,1.4016205540299407
143,0.5361966729164124,0.5364833474159241,0.5359833240509033,2.772921633124354,1.3894156718254087
144,0.539626669883728,0.5400333404541016,0.5390999913215637,2.7733113655448,1.3949621090292927
145,0.5398800015449524,0.5403333306312561,0.539566695690155,2.7734285837411905,1.3952797088026998
146,0.5381900191307067,0.5384666919708252,0.5379833579063416,2.7757931700348846,1.395045111477375
147,0.5378966569900513,0.5379999876022339,0.5377833247184753,2.7764570987224544,1.4074624848365769
148,0.5381366729736328,0.5383833646774292,0.5376166701316833,2.7725217843055745,1.4006797468662264
149,0.5428700089454651,0.5430999994277954,0.5427166819572449,2.7793731436133413,1.399476916790006
150,0.533923327922821,0.5340666770935059,0.5338500142097473,2.780303376019001,1.4042178076505651
151,0.5365766763687134,0.5368500351905823,0.5363333225250244,2.780668098628522,1.405868337452411
152,0.5320200085639953,0.5321999788284302,0.5318666696548462,2.7808878460526416,1.4033245816826827
153,0.5386600136756897,0.5389333367347717,0.5383833646774292,2.7833579760789884,1.4038722354173667
154,0.536573338508606,0.5367333292961121,0.5363166928291321,2.7836164677143107,1.4048559159040468
155,0.5412333369255066,0.5414166450500488,0.541100025177002,2.7846561685204523,1.4015318214893349
156,0.541540014743805,0.541866660118103,0.541283369064331,2.791923369765282,1.4092291218042368
157,0.5430933356285095,0.54339998960495,0.5428500175476074,2.7901046288013447,1.4116334643959996
158,0.5437966704368591,0.5442000031471252,0.5433000326156616,2.79016979753971,1.4107189631462085
159,0.5475766777992248,0.5479333400726318,0.5473166704177856,2.7906459590792636,1.4022682312130927
160,0.5400633454322815,0.5406666994094849,0.5393999814987183,2.789530159533024,1.4068762859702117
161,0.5403700113296509,0.5406000018119812,0.5398833155632019,2.7876254776120177,1.403221739828587
162,0.5399666786193847,0.5401666760444641,0.5394333600997925,2.7913572597503644,1.411113028526305
163,0.53302001953125,0.5332500338554382,0.5325999855995178,2.791474501192571,1.4100739657878851
164,0.5459633350372315,0.5461333394050598,0.5457666516304016,2.7915577277541153,1.4054301461577414
165,0.5426233410835266,0.5428500175476074,0.5424333214759827,2.7896553823351886,1.4052622461318975
166,0.5494333267211914,0.5497666597366333,0.5492500066757202,2.7927441656589496,1.408813323974609
167,0.5451566576957703,0.5458499789237976,0.5444499850273132,2.7971562340855596,1.4171313112974169
168,0.5448466777801514,0.5452166795730591,0.5444666743278503,2.7977306285500516,1.4155537748336795
169,0.5489500045776368,0.5491499900817871,0.5486500263214111,2.798574957847599,1.4216880992054939
170,0.5387100100517273,0.5390333533287048,0.5384500026702881,2.797862046360971,1.419808486998081
171,0.5420133352279664,0.5420833230018616,0.5419166684150696,2.7948954603075937,1.4147981017827984
172,0.5420466780662536,0.5423333644866943,0.5415000319480896,2.800626074671747,1.4146441861987118
173,0.5421533346176147,0.5423499941825867,0.5418833494186401,2.8042406502366055,1.4172842806577681
174,0.5434033513069153,0.5435500144958496,0.5432500243186951,2.8034371080994607,1.4169341212511055
175,0.5435699939727783,0.5439167022705078,0.5433499813079834,2.801805239617825,1.4178170135617276
176,0.541130006313324,0.541366696357727,0.5409333109855652,2.8007090446352967,1.4200783020257948
177,0.5406833410263061,0.5408666729927063,0.5405166745185852,2.8053999105095846,1.4199411559104904
178,0.5389466762542725,0.5392500162124634,0.5385333299636841,2.807349649369718,1.4163129910826704
179,0.5424900054931641,0.5427166819572449,0.5422333478927612,2.8050413465499893,1.4182049545645725
180,0.5397800087928772,0.5399166941642761,0.539650022983551,2.8109049594402316,1.4163577327132226
181,0.5438633441925049,0.5442000031471252,0.5436500310897827,2.8109301069378865,1.4233514741063125
182,0.5410300016403198,0.541366696357727,0.5407833456993103,2.80722127974033,1.4215041461586941
183,0.5404933333396912,0.5408166646957397,0.5403333306312561,2.8068952095508575,1.4147146686911591
184,0.5416900277137756,0.5418500304222107,0.5415833592414856,2.8154713594913505,1.4195133766531949
185,0.5461466789245606,0.546416699886322,0.5458833575248718,2.8114056873321505,1.420779581665992
186,0.5435266613960266,0.5435666441917419,0.5434499979019165,2.813044700920582,1.4254869458079342
187,0.5489033222198486,0.5493333339691162,0.5485333204269409,2.813801131248475,1.4286519357562069
188,0.5448800086975097,0.5453000068664551,0.5444999933242798,2.814717970788479,1.4237866881489751
189,0.5405966758728027,0.5407333374023438,0.5404166579246521,2.8127359610795946,1.4310419392585745
190,0.5426166772842407,0.5429333448410034,0.5424000024795532,2.8189454939961425,1.4270068570971495
191,0.5448566555976868,0.545366644859314,0.5445333123207092,2.819027903974059,1.4243899500370032
192,0.5416666626930237,0.5419999957084656,0.5412499904632568,2.8153623911738386,1.4298501449823389
193,0.5435466885566711,0.5440833568572998,0.5433333516120911,2.8188112708926223,1.4341693028807647
194,0.5417600154876709,0.5421500205993652,0.5415833592414856,2.8199418643116956,1.4381198826432229
195,0.5451599955558777,0.5454999804496765,0.5447666645050049,2.8221183988451948,1.4276243048906339
196,0.5493933439254761,0.5499666929244995,0.5490333437919617,2.8215156820416465,1.429178423583509
197,0.5464900135993958,0.5468000173568726,0.5462833642959595,2.8203910106420484,1.4329083192348486
198,0.5436566710472107,0.5439666509628296,0.5434166789054871,2.8279470580816266,1.4327003008127213
199,0.5390000104904175,0.5391666889190674,0.5387499928474426,2.8228213438391667,1.4304457983374594
200,0.5481299877166748,0.5483999848365784,0.5477833151817322,2.8269877177476874,1.4325398156046856
201,0.5523666739463806,0.5529000163078308,0.5521000027656555,2.8257697132229804,1.4333358493447317
202,0.547106671333313,0.5476499795913696,0.5468000173568726,2.8276349326968213,1.4385293072462089
203,0.5525033473968506,0.5526999831199646,0.5523833632469177,2.8310328787565227,1.4291769400238996
204,0.5586300134658814,0.5589166879653931,0.5585166811943054,2.8285491320490803,1.437502169013024
205,0.5435999989509582,0.5440499782562256,0.5433333516120911,2.8290326097607603,1.4397721108794215
206,0.548496675491333,0.5486833453178406,0.5482000112533569,2.830512313246729,1.4350266212224974
207,0.5444266676902771,0.5448833107948303,0.5440666675567627,2.8311743983626387,1.4386083438992499
208,0.5414466738700867,0.541866660118103,0.541183352470398,2.8290018361806846,1.4377485802769658
209,0.5481533288955689,0.5482666492462158,0.5479333400726318,2.8333687406778307,1.4380642685294145
210,0.5468766689300537,0.5471166968345642,0.5467333197593689,2.8380603900551775,1.4329003626108165
211,0.5474266648292542,0.5476333498954773,0.5472666621208191,2.8367754435539205,1.4372137036919583
212,0.5443099975585938,0.5443666577339172,0.5442333221435547,2.8339747941493996,1.4383847552537923
213,0.5529033422470093,0.5530000329017639,0.5528500080108643,2.840815013349057,1.4402913528680812
214,0.5501133322715759,0.55035001039505,0.5499500036239624,2.8327423179149642,1.443887613713743
215,0.5436433315277099,0.5440499782562256,0.5433666706085205,2.833684495389462,1.4449373632669456
216,0.5506033420562744,0.5507166981697083,0.5504000186920166,2.8349023044109374,1.435932881236077
217,0.5478900074958801,0.5480499863624573,0.5475166440010071,2.842269139885903,1.447785165607929
218,0.5538233280181885,0.554016649723053,0.5536333322525024,2.8398656684160244,1.4432403197884551
219,0.5491966724395752,0.5493833422660828,0.5490333437919617,2.8389987456798544,1.4424936145544052
220,0.5535166740417481,0.5537833571434021,0.5533666610717773,2.8414877647161476,1.4469100472331047
221,0.550873339176178,0.5513166785240173,0.550599992275238,2.8428964293003127,1.4378002369403826
222,0.5487266778945923,0.5490333437919617,0.5485333204269409,2.8447773104906093,1.4448158055543892
223,0.5553333401679993,0.5557166934013367,0.5550500154495239,2.8444405663013437,1.4448736360669148
224,0.5502533316612244,0.550599992275238,0.550083339214325,2.8415461328625677,1.4414961636066443
225,0.5491966724395752,0.5494999885559082,0.5490000247955322,2.8464286199212094,1.4490355128049854
226,0.5541266798973083,0.5542833209037781,0.5539500117301941,2.845821311175824,1.4508942383527759
227,0.5504266738891601,0.5508500337600708,0.550166666507721,2.845470569431786,1.4501269549131401
228,0.550296676158905,0.5504833459854126,0.5501166582107544,2.849341388642786,1.4458184099197384
229,0.5529133439064026,0.5530999898910522,0.5527333617210388,2.8472253224253623,1.4511556929349905
230,0.5539133429527283,0.5543500185012817,0.5535500049591064,2.853847641050817,1.4452979511022561
231,0.5502300143241883,0.5504666566848755,0.5498833656311035,2.848174679577353,1.4468191859126096
232,0.5584633350372314,0.5587500333786011,0.5581833124160767,2.8494613635540036,1.4483377310633645
233,0.5538300275802612,0.5540000200271606,0.5536167025566101,2.851396545767783,1.4499221408367158
234,0.5475266695022583,0.5478166937828064,0.5472833514213562,2.8474503287672994,1.4521532472968106
235,0.5507633447647095,0.5509999990463257,0.5504833459854126,2.855110843777656,1.456763814687729
236,0.5467366695404052,0.5468166470527649,0.5467000007629395,2.8550453326106124,1.4529316475987435
237,0.554480004310608,0.5546000003814697,0.5543500185012817,2.8568936055898644,1.45243080496788
238,0.5559666752815247,0.5562000274658203,0.5557833313941956,2.8585946780443208,1.4452342021465316
239,0.544973349571228,0.5451333522796631,0.5447333455085754,2.852800885438918,1.4414687755703925
240,0.5480533480644226,0.548216700553894,0.5478833317756653,2.8572505992650976,1.4511653995513927
241,0.5481500029563904,0.5482500195503235,0.5480833649635315,2.857660925388337,1.4435004740953454
242,0.5568233489990234,0.557116687297821,0.5565833449363708,2.859420457184316,1.459628715515135
243,0.5529866695404053,0.5531333684921265,0.5528333187103271,2.860946538150312,1.4542149233818051
244,0.561626672744751,0.5617833137512207,0.5613499879837036,2.8588024422526366,1.4596756920218477
245,0.5511600017547608,0.5514333248138428,0.5508333444595337,2.85664237290621,1.4520914676785464
246,0.5578400015830993,0.5581166744232178,0.5576833486557007,2.8607170447707198,1.4508742478489884
247,0.5568133354187011,0.5570499897003174,0.5566666722297668,2.856938662528989,1.4568969863653196
248,0.5499133467674255,0.5501000285148621,0.5496833324432373,2.862618685066701,1.4534740251302736
249,0.5618800044059753,0.5619999766349792,0.5617666840553284,2.858478826880459,1.4603420585393916
250,0.5523433566093445,0.5525166988372803,0.5521166920661926,2.8647452002763782,1.4573273515701295
251,0.5543100118637085,0.5546000003814697,0.5540666580200195,2.8622854962944926,1.4598456540703768
252,0.5520466685295105,0.552216649055481,0.5518167018890381,2.8682443046569843,1.4540760183334347
253,0.552293336391449,0.552483320236206,0.552216649055481,2.8689680016040784,1.4601715263724317
254,0.5516066670417785,0.5517833232879639,0.5512499809265137,2.8697247895598403,1.462659974992275
255,0.5517500042915344,0.551800012588501,0.551633358001709,2.867092064619063,1.4594457897543915
256,0.5575633406639099,0.5576833486557007,0.5575000047683716,2.864824786186222,1.463141859173775
257,0.5591899991035462,0.5592833161354065,0.5590833425521851,2.8689569401741037,1.4604052114486694
258,0.5534466743469239,0.5536167025566101,0.5532333254814148,2.8687862855196005,1.461829257309437
259,0.5512700080871582,0.5514666438102722,0.5510666966438293,2.8678699997067443,1.463738350570203
260,0.5570300102233887,0.557116687297821,0.5569666624069214,2.87069614380598,1.4603208702802652
261,0.551200008392334,0.5515833497047424,0.5509499907493591,2.871118726432319,1.4598661279678338
262,0.5496666669845581,0.5498499870300293,0.5494499802589417,2.8718992328643806,1.460803457200528
263,0.5579699993133544,0.5582000017166138,0.5578333139419556,2.8729425024986277,1.46351278692484
264,0.5553799986839294,0.5555499792098999,0.5551666617393494,2.872788238227369,1.4642182096838956
265,0.5596933364868164,0.5598499774932861,0.5594666600227356,2.8737777039408665,1.4654024794697764
266,0.5519133448600769,0.552133321762085,0.5517333149909973,2.8724044644832607,1.4612918779253958
267,0.5573599934577942,0.5574833154678345,0.5571833252906799,2.8755776408314726,1.4644056043028826
268,0.5565999984741211,0.5567666888237,0.5563833117485046,2.8747333472967105,1.4694692048430444
269,0.5553600072860718,0.5554500222206116,0.5552666783332825,2.874361622929572,1.4702343121170998
270,0.5582600116729737,0.5584166646003723,0.5581833124160767,2.8781284567713765,1.4669929838180533
271,0.5620800137519837,0.562333345413208,0.5618333220481873,2.8781563055515305,1.4652767848968529
272,0.562766683101654,0.5629500150680542,0.5626500248908997,2.8774106746912005,1.4713886836171157
273,0.5592033386230468,0.5594000220298767,0.5590333342552185,2.878037979304789,1.468509738743306
274,0.5591000080108642,0.5593000054359436,0.5588333606719971,2.882953153550625,1.4697821962833413
275,0.5629066586494446,0.5630000233650208,0.562749981880188,2.881698320806027,1.4686092254519463
276,0.5654666781425476,0.5655333399772644,0.5654000043869019,2.879285233616829,1.4658361560106286
277,0.555156672000885,0.5552166700363159,0.5550000071525574,2.884090457558633,1.4696673029661185
278,0.5641700148582458,0.564300000667572,0.564050018787384,2.8840092971920948,1.475842217206955
279,0.5684266567230225,0.5685666799545288,0.5682333111763,2.884099969565864,1.4710683965682987
280,0.5573166847229004,0.5576666593551636,0.5571666955947876,2.887569223344327,1.4732762023806572
281,0.5554633498191833,0.5556166768074036,0.5553666949272156,2.885385487377646,1.4753223541378975
282,0.5576900005340576,0.5578500032424927,0.557533323764801,2.88356790214777,1.4711022680997843
283,0.5612266778945922,0.5615167021751404,0.5610666871070862,2.8863472101092325,1.4730834314227104
284,0.5513433456420899,0.5514500141143799,0.5511833429336548,2.8882489845156654,1.4727583205699923
285,0.5544700026512146,0.5545666813850403,0.5543166995048523,2.8919567933678607,1.473362488150596
286,0.553250002861023,0.5534166693687439,0.5530166625976562,2.889116247594356,1.4777772194147096
287,0.5538966655731201,0.5541499853134155,0.5536666512489319,2.8930520710349104,1.4757094487547875
288,0.5562166690826416,0.5564333200454712,0.5559666752815247,2.885815472006799,1.4806881448626528
289,0.5582833409309387,0.5586166977882385,0.5579000115394592,2.8895294967293723,1.4817545148730276
290,0.5607666850090027,0.5609999895095825,0.5604166984558105,2.890848436355593,1.4767079690098766
291,0.5546333312988281,0.5548166632652283,0.5545499920845032,2.887243989706042,1.4765485769510267
292,0.559410011768341,0.5597333312034607,0.5591833591461182,2.891511166691779,1.4722107523679744
293,0.5598533272743225,0.5599833130836487,0.5597833395004272,2.890082377493381,1.4782764846086507
294,0.5632200002670288,0.5634000301361084,0.5630999803543091,2.8967676901817305,1.4784352827072156
295,0.5605833411216736,0.560783326625824,0.5603333115577698,2.893832076787948,1.4716787990927696
296,0.5632400035858154,0.5634499788284302,0.5630500316619873,2.8973904293775585,1.4731806948781017
297,0.5601866722106934,0.560699999332428,0.5595999956130981,2.889676321446897,1.4754412877559666
298,0.565090012550354,0.565416693687439,0.5648666620254517,2.8946305513381914,1.4831249621510505
299,0.5596500039100647,0.5598166584968567,0.5595166683197021,2.8922596877813307,1.4797030442953096
300,0.560260009765625,0.5603166818618774,0.5601833462715149,2.897722204923631,1.4821042737364762
301,0.5595299959182739,0.5597666501998901,0.5594333410263062,2.8981439003348335,1.4801675635576248
302,0.5637033224105835,0.5638499855995178,0.5634499788284302,2.894297259449959,1.485687324702739
303,0.562440013885498,0.5627333521842957,0.562166690826416,2.8954927483201027,1.486575885415076
304,0.5619666695594787,0.562166690826416,0.5618166923522949,2.9027113410830454,1.4791934916377079
305,0.5589333415031433,0.5590500235557556,0.5588499903678894,2.8979928314685797,1.481788715422153
306,0.5639799952507019,0.5642833113670349,0.5635499954223633,2.8992306166887283,1.4830170157551765
307,0.5644766569137574,0.5648666620254517,0.5641999840736389,2.8999658763408656,1.4787808758020402
308,0.5602800250053406,0.56045001745224,0.560200035572052,2.900269883573056,1.4823761287331583
309,0.5695133447647095,0.5697000026702881,0.5693333148956299,2.9025990167260165,1.48649817585945
310,0.5679100036621094,0.5682666897773743,0.5676833391189575,2.903477013707163,1.4903577476739889
311,0.5647433400154114,0.5650833249092102,0.5645333528518677,2.9008989447355282,1.4844072186946875
312,0.5679966807365417,0.5683500170707703,0.5676167011260986,2.906093478500843,1.4896238276362412
313,0.568066680431366,0.5682666897773743,0.5679333209991455,2.903456554710865,1.4904262495040892
314,0.5550133466720581,0.5555833578109741,0.5548166632652283,2.9095451065897926,1.4889304417371765
315,0.5628100037574768,0.5630666613578796,0.5627333521842957,2.9032306605577456,1.4876535949110983
316,0.5618800163269043,0.5622000098228455,0.5617333650588989,2.9049196413159373,1.4854955378174781
317,0.5599166870117187,0.5602333545684814,0.5596833229064941,2.90993914395571,1.4911738580465304
318,0.5653366684913635,0.5656166672706604,0.5650500059127808,2.906582371294496,1.4903228178620351
319,0.5646433472633362,0.5647000074386597,0.5645000338554382,2.9097164043784143,1.4895297434926025
320,0.5559300065040589,0.5563166737556458,0.555733323097229,2.9053865289688092,1.4931912413239476
321,0.5626299858093262,0.5630999803543091,0.5624499917030334,2.909446613490584,1.4922093859314929
322,0.5623199939727783,0.5625333189964294,0.5621333122253418,2.910601849853991,1.4913588657975185
323,0.5593199968338013,0.5594500303268433,0.559066653251648,2.912933601140977,1.4938608813285839
324,0.5645433306694031,0.5649333596229553,0.5643333196640015,2.910492590367795,1.492989192903042
325,0.5689100027084351,0.5691999793052673,0.5687500238418579,2.9118343800306317,1.4969752690196032
326,0.566593337059021,0.5667999982833862,0.5664166808128357,2.9161182698607453,1.4951488626003269
327,0.5642533421516418,0.5644333362579346,0.564050018787384,2.9166133797168765,1.495973312854766
328,0.5662500143051148,0.5665666460990906,0.565933346748352,2.9190680727362626,1.4949259439110745
329,0.5643999934196472,0.5648166537284851,0.5641666650772095,2.9147955992817884,1.4980565187335015
330,0.5654033422470093,0.5656333565711975,0.5650666952133179,2.9156184801459295,1.4927481475472457
331,0.5625866651535034,0.5629666447639465,0.5622833371162415,2.9169272682070715,1.5024183902144421
332,0.5668300032615662,0.5673666596412659,0.5664499998092651,2.918164947926994,1.4991163188219072
333,0.5676233530044555,0.5678666830062866,0.5670000314712524,2.9201278841495464,1.5014215254783625
334,0.5664666771888733,0.5667833685874939,0.566100001335144,2.9197751292586336,1.492567520737649
335,0.5648866772651673,0.5651333332061768,0.5647166967391968,2.919265277385716,1.49777868360281
336,0.5652166724205017,0.5653499960899353,0.5651000142097473,2.9210576438903813,1.4978947430849068
337,0.5617366671562195,0.5619333386421204,0.5614666938781738,2.922196007668971,1.4991491261124619
338,0.565749990940094,0.566016674041748,0.5655666589736938,2.92251124799252,1.4978273108601563
339,0.5622500061988831,0.5625666975975037,0.5617666840553284,2.923786441087725,1.501096953749657
340,0.5599333286285401,0.5600833296775818,0.5598166584968567,2.9280495545268046,1.5088228368759162
341,0.565856671333313,0.5664499998092651,0.5654500126838684,2.926807931661605,1.5025438392162314
342,0.5666066646575928,0.5668500065803528,0.5665333271026611,2.92241200327873,1.5046415793895718
343,0.5703400015830994,0.5704333186149597,0.5702666640281677,2.925128235816955,1.5034174039959898
344,0.5650433301925659,0.5653166770935059,0.5647833347320557,2.9254680851101864,1.5027982917428016
345,0.5646000027656555,0.5649499893188477,0.5642499923706055,2.9270645177364356,1.5007532107830046
346,0.5679333448410034,0.5683166980743408,0.5677499771118164,2.927425380647184,1.503793677389622
347,0.5687433362007142,0.5691999793052673,0.5684333443641663,2.928766064643859,1.5040819093585012
348,0.5708366870880127,0.5713333487510681,0.5705833435058594,2.927431195080284,1.5066937467455872
349,0.5664300203323365,0.5666000247001648,0.5663000345230103,2.9284165740013135,1.5040805166959759
350,0.5628000140190125,0.5631333589553833,0.5625666975975037,2.927629506289958,1.5035867759585384
351,0.5649466514587402,0.5653499960899353,0.5644166469573975,2.928405597209931,1.5124532997608184
352,0.5628200054168702,0.5629166960716248,0.5627166628837585,2.932789130508897,1.5096623015403765
353,0.5687133312225342,0.5688499808311462,0.5685666799545288,2.9316443669796035,1.5008793944120402
354,0.5583299994468689,0.5586000084877014,0.5580666661262512,2.9370449230074853,1.508233077824117
355,0.5658466815948486,0.5664166808128357,0.565333366394043,2.9308298230171195,1.5095579561591153
356,0.5552500128746033,0.5555166602134705,0.5549499988555908,2.932398894429206,1.5089123168587675
357,0.5665600061416626,0.5668833255767822,0.566266655921936,2.9364448785781874,1.508467200100422
358,0.5651333332061768,0.5655166506767273,0.5648999810218811,2.9343695390224442,1.5043742874264714
359,0.5664466857910156,0.5672667026519775,0.5659500360488892,2.930991713404654,1.513228548765181
360,0.5683766841888428,0.5686666965484619,0.5680500268936157,2.9336321574449546,1.5066115677356726
361,0.5657633423805237,0.5661500096321106,0.5655333399772644,2.937505236268043,1.508757387399673
362,0.569920003414154,0.5700166821479797,0.5698000192642212,2.935080714821818,1.5170959931612014
363,0.5662266612052917,0.5665333271026611,0.5657333135604858,2.937530852854254,1.5061016666889186
364,0.569616687297821,0.5699166655540466,0.569266676902771,2.9349996647238736,1.5091545063257212
365,0.5675066828727722,0.567883312702179,0.567216694355011,2.937719762921338,1.5098929527401923
366,0.5710866689682007,0.5713499784469604,0.570816695690155,2.9444655406475095,1.5108308628201486
367,0.5641066670417786,0.5642666816711426,0.5639333128929138,2.9371092486381523,1.508775298893452
368,0.5693700075149536,0.5695666670799255,0.5692499876022339,2.936608464717865,1.509712052941322
369,0.5670000195503235,0.5671499967575073,0.5668666958808899,2.9392540457844705,1.5092205944657324
370,0.5659566640853881,0.5661333203315735,0.5657666921615601,2.9439052125811624,1.5127714696526522
371,0.569373345375061,0.569433331489563,0.5692999958992004,2.943640064299106,1.5102593764662748
372,0.5668733358383179,0.5669833421707153,0.5666500329971313,2.9409672453999502,1.5095437195897101
373,0.5639266729354858,0.5642666816711426,0.5636833310127258,2.9432436916232114,1.5135444688797
374,0.5680800199508667,0.5681333541870117,0.5679666996002197,2.94096113741398,1.514601348936557
375,0.5705033421516419,0.5705833435058594,0.5703499913215637,2.9436142775416383,1.515730065703391
376,0.5698900103569031,0.5701000094413757,0.5696333646774292,2.9459199944138583,1.5121687299013147
377,0.5667100191116333,0.5670000314712524,0.5664666891098022,2.946480914354323,1.507564662396908
378,0.5699133396148681,0.5700666904449463,0.569683313369751,2.9436028057336787,1.5180777624249455
379,0.5690866708755493,0.5692166686058044,0.568933367729187,2.9502366197109273,1.5169162943959242
380,0.5693633317947387,0.5695499777793884,0.5691999793052673,2.9449317055940645,1.5137420019507408
381,0.5677566766738892,0.5679166913032532,0.5676500201225281,2.948919750154021,1.5204979312419888
382,0.5662633299827575,0.566433310508728,0.5660333633422852,2.945924339592455,1.5149483639001846
383,0.5661100029945374,0.5662833452224731,0.5658833384513855,2.949576796889307,1.5185574674606335
384,0.5658233404159546,0.5659999847412109,0.5656333565711975,2.951458467841149,1.516879438757895
385,0.5702700138092041,0.5705500245094299,0.5701333284378052,2.9520655730366676,1.5205161258578306
386,0.5724133372306823,0.5726000070571899,0.5722500085830688,2.9480433583259598,1.5232160937786106
387,0.5729333400726319,0.5731333494186401,0.572783350944519,2.949851748347281,1.5213820567727072
388,0.5679000020027161,0.5681166648864746,0.5676000118255615,2.953698752224444,1.5243645161390291
389,0.5693600058555603,0.569433331489563,0.5692499876022339,2.955685613453387,1.5211865466833123
390,0.5714433312416076,0.5717166662216187,0.5712666511535645,2.950742994546887,1.5123791417479517
391,0.567793345451355,0.5680166482925415,0.5675666928291321,2.953941240906715,1.5215381982922558
392,0.5682600140571594,0.5687333345413208,0.5679666996002197,2.951530779600142,1.5176027542352695
393,0.5717266798019409,0.5720000267028809,0.5715500116348267,2.9563607031106907,1.5156213185191154
394,0.5682800054550171,0.5685166716575623,0.5680000185966492,2.955022631287568,1.525001872181892
395,0.5768733382225036,0.5772333145141602,0.5765166878700256,2.957317867875102,1.5218421962857254
396,0.565340006351471,0.565666675567627,0.5650833249092102,2.955841632187365,1.5237005057930952
397,0.5713000059127807,0.5714666843414307,0.5711166858673096,2.9591496181488,1.522003392279148
398,0.5697200179100037,0.5699333548545837,0.5694500207901001,2.95961019665003,1.5298326158523556
399,0.5724866628646851,0.5727666616439819,0.5722333192825317,2.959648171961307,1.518874344825745
400,0.5730233311653137,0.5733166933059692,0.5727166533470154,2.9610262101888667,1.5246045801043495
401,0.5706366777420044,0.5710333585739136,0.5703833103179932,2.9630702826380735,1.5263098856806745
402,0.5644666671752929,0.5648500323295593,0.564216673374176,2.959916119575501,1.5241380259394648
403,0.5662899971008301,0.5664499998092651,0.5661333203315735,2.9586904236674303,1.5191055601835262
404,0.5670100092887879,0.5673166513442993,0.5665166974067688,2.960212894380093,1.5287557467818247
405,0.5690333366394043,0.569599986076355,0.5686666965484619,2.961503961682315,1.5242966410517693
406,0.5712833404541016,0.5715500116348267,0.5709666609764099,2.9625428542494774,1.5276850172877323
407,0.5687866806983948,0.5690500140190125,0.5685666799545288,2.9616286280751174,1.5267167362570757
408,0.5706966876983642,0.5712167024612427,0.5704666972160339,2.963643593490123,1.5280242389440535
409,0.5685566782951355,0.5688000321388245,0.5682833194732666,2.964431917667393,1.5280296874046333
410,0.5748500108718873,0.5751000046730042,0.5745333433151245,2.9618796879053084,1.523113568127156
411,0.5719166755676269,0.5723833441734314,0.5716500282287598,2.9692739155888552,1.5301447573304177
412,0.5740533351898194,0.5745999813079834,0.5735666751861572,2.966365228891374,1.5285344964265826
413,0.5691366791725159,0.5694167017936707,0.5687833428382874,2.9647397089004506,1.5279860603809357
414,0.5745500206947327,0.5749833583831787,0.5741000175476074,2.9672558623552305,1.5261846920847895
415,0.572956669330597,0.5732499957084656,0.572350025177002,2.964634758234025,1.5273006895184529
416,0.5709433317184448,0.5713333487510681,0.5702999830245972,2.9705512437224377,1.5295709237456327
417,0.5675466656684875,0.567799985408783,0.5670666694641113,2.9649661585688585,1.5281019949913015
418,0.5700000047683715,0.5703499913215637,0.5695000290870667,2.9711278763413453,1.528589343428612
419,0.5690633296966553,0.5695499777793884,0.5681333541870117,2.9684196263551694,1.5321741628646854
420,0.5787233352661133,0.5795666575431824,0.5778999924659729,2.971091975867747,1.5421752160787583
421,0.5749200105667114,0.5752500295639038,0.5743333101272583,2.9707768753170964,1.537928816378117
422,0.5728666663169861,0.5730833411216736,0.572433352470398,2.973973084688191,1.5309917157888417
423,0.5726033329963685,0.5727999806404114,0.572350025177002,2.972746565639973,1.5348428839445112
424,0.5732933402061462,0.5737500190734863,0.5725666880607605,2.972719376981264,1.530246761441231
425,0.5739800095558166,0.5743666887283325,0.5733833312988281,2.97241629898548,1.5369513714313516
426,0.5720800042152405,0.5725499987602234,0.5716500282287598,2.9742052128911003,1.533955550789831
427,0.5726700067520142,0.5729833245277405,0.5723833441734314,2.974458383321762,1.5348497304320319
428,0.5764100193977356,0.5767833590507507,0.5759833455085754,2.9725735393166555,1.531627135574819
429,0.5781733393669128,0.5784833431243896,0.5778666734695435,2.972995196282865,1.5373561343550681
430,0.574893343448639,0.575083315372467,0.5745500326156616,2.973682097792622,1.534629116356373
431,0.5740799903869629,0.5742499828338623,0.5739499926567078,2.977751587927341,1.5344882398843769
432,0.5747933506965637,0.5749666690826416,0.5746833682060242,2.9768965408205976,1.5349425524473193
433,0.5742133378982544,0.574483335018158,0.5738166570663452,2.9744635799527144,1.5348512226343156
434,0.5729833364486694,0.5733667016029358,0.572616696357727,2.978902326822284,1.5452597960829744
435,0.5739566683769226,0.5741166472434998,0.5737000107765198,2.978331781923768,1.533301479518414
436,0.5711766719818115,0.5713499784469604,0.5709500312805176,2.9742547208070733,1.5387902948260317
437,0.5751300096511841,0.5752999782562256,0.5749333500862122,2.9833095976710324,1.540040968060494
438,0.5719533324241638,0.5723166465759277,0.5716666579246521,2.980872291624549,1.5414427509903899
439,0.5723733305931091,0.5728166699409485,0.5721833109855652,2.981476667523386,1.5427274492383003
440,0.5684266686439514,0.5687166452407837,0.5680833458900452,2.983341373503209,1.546836755275728
441,0.5757933378219604,0.5760833621025085,0.5755333304405212,2.979121544659139,1.5424061071872712
442,0.5831500053405761,0.5834000110626221,0.5828333497047424,2.979713158607481,1.5429425778985018
443,0.5806966781616211,0.5809333324432373,0.5805500149726868,2.982635904848576,1.541687806248666
444,0.576859998703003,0.5770999789237976,0.5766500234603882,2.982762695848943,1.545820279121399
445,0.5757166743278503,0.5759333372116089,0.5753666758537292,2.988192726671696,1.5394753131270411
446,0.5781633377075195,0.5783833265304565,0.5780333280563354,2.9868470731377608,1.5400578784942627
447,0.5778833508491517,0.5780500173568726,0.5778166651725769,2.9873821663856557,1.5444912594556808
448,0.576579999923706,0.5767499804496765,0.5763333439826965,2.982713662683965,1.5401506650447856
449,0.5761833429336548,0.5763333439826965,0.5759666562080383,2.9880793201923375,1.5463263851404185
450,0.5752233386039733,0.5755333304405212,0.5749333500862122,2.9865837961435333,1.5449930691719063
451,0.5711400151252747,0.571399986743927,0.570900022983551,2.988354205787182,1.5462249055504802
452,0.5746333360671997,0.5748500227928162,0.5743333101272583,2.992672612667083,1.543910454511643
453,0.5727533340454102,0.5730833411216736,0.5725499987602234,2.9913709384202916,1.5396955862641328
454,0.5726666808128357,0.5729833245277405,0.572350025177002,2.9892919626832,1.5386477392911908
455,0.578880000114441,0.5790333151817322,0.5787166953086853,2.9943080040812466,1.5433135202527044
456,0.5761533379554749,0.5763999819755554,0.575950026512146,2.9914511653780917,1.5444877177476888
457,0.5729133367538453,0.573033332824707,0.5727666616439819,2.9892117902636537,1.5494625100493433
458,0.5658900022506714,0.5660499930381775,0.5656499862670898,2.9907366558909443,1.5472708725929267
459,0.5699533462524414,0.5701500177383423,0.5697000026702881,2.993187071383001,1.5474359786510472
460,0.5726133465766907,0.5727500319480896,0.572433352470398,2.9898231580853456,1.546733686923981
461,0.5720733404159546,0.572533369064331,0.5716666579246521,2.9917642825841946,1.5456320822238916
462,0.5718400120735169,0.5720833539962769,0.5716000199317932,2.9925320628285403,1.549098742902278
463,0.5769999980926513,0.5775166749954224,0.5767166614532471,2.9960770419240026,1.544182879328727
464,0.5784700155258179,0.5785999894142151,0.5782833695411682,2.990626016855242,1.5473548653721816
465,0.5741866707801819,0.5742666721343994,0.5740833282470703,2.9955444341897985,1.5486776441335686
466,0.5720433354377746,0.5723166465759277,0.5717666745185852,2.994831053614618,1.5501814457774157
467,0.5732333421707153,0.5733833312988281,0.573116660118103,2.9950152325630217,1.5496902149915694
468,0.5721933364868164,0.5722833275794983,0.5721333622932434,2.9963085910677942,1.554008872210978
469,0.5750233411788941,0.5752500295639038,0.5747500061988831,2.995890911221503,1.5444236603379242
470,0.5737833380699158,0.5740000009536743,0.5736166834831238,2.9997900602221503,1.5498473522067069
471,0.5718733429908752,0.5720833539962769,0.5716166496276855,2.99593320131302,1.5527201300859452
472,0.5792133450508118,0.5794166922569275,0.5789333581924438,2.9990519753098477,1.5503160282969466
473,0.5724233388900757,0.5726333260536194,0.5722000002861023,3.002605270147324,1.549346029758455
474,0.5768300056457519,0.5770999789237976,0.5767166614532471,3.0011790949106225,1.5468301650881764
475,0.5761599898338318,0.57628333568573,0.5760166645050049,3.0018413090705867,1.5490479385852827
476,0.5759433507919312,0.5760833621025085,0.5757333636283875,3.00203966170549,1.5536185982823374
477,0.5774433374404907,0.5775666832923889,0.5773333311080933,3.0050161698460607,1.5519542953372003
478,0.5770566701889038,0.5773500204086304,0.5769000053405762,3.001133873462671,1.5428479325771327
479,0.5801233291625977,0.5803333520889282,0.579800009727478,3.002324834167959,1.5582747292518615
480,0.5766133427619934,0.5769666433334351,0.5764166712760925,2.9995876973867444,1.5541020151972778
481,0.5751366734504699,0.5752999782562256,0.5750166773796082,3.0024274364113825,1.55771688759327
482,0.5726300001144409,0.5730000138282776,0.5724166631698608,3.006073491573333,1.553195510208608
483,0.576746666431427,0.5770166516304016,0.5765666961669922,3.001547530293465,1.550143961012363
484,0.5770766735076904,0.5772666931152344,0.5767666697502136,3.005055921375751,1.5557480767369256
485,0.5715733289718627,0.5718333125114441,0.5712000131607056,3.002421987056734,1.5564082255959508
486,0.5743800044059754,0.5747166872024536,0.5741833448410034,3.0046833586692783,1.553382458686829
487,0.5753000259399415,0.5755167007446289,0.5749000310897827,3.0024333140254007,1.5555618220567715
488,0.5831233501434326,0.5832833647727966,0.5828333497047424,3.008114270865916,1.549224577844144
489,0.5748433470726013,0.5750666856765747,0.5746666789054871,3.006859931945801,1.5563431754708281
490,0.5804633259773254,0.5807499885559082,0.5800166726112366,3.0064239338040344,1.5578999951481818
491,0.5754766702651978,0.57586669921875,0.5749666690826416,3.005088162124159,1.5564244031906118
492,0.5768033504486084,0.5772166848182678,0.576116681098938,3.010034124255182,1.5617150753736486
493,0.574263334274292,0.5746333599090576,0.5739499926567078,3.0079360750317568,1.554563170969486
494,0.5706266760826111,0.5711833238601685,0.5700166821479797,3.008076013326646,1.56022177964449
495,0.5736666560173035,0.5741166472434998,0.573033332824707,3.01151347965002,1.5585378864407538
496,0.5742200136184692,0.574483335018158,0.5737500190734863,3.007253823280335,1.563120506405829
497,0.5724800109863282,0.5728499889373779,0.5720666646957397,3.011247598826883,1.5665479370951643
498,0.5734133362770081,0.5736333131790161,0.5731499791145325,3.0083106929063748,1.5636583295464506
499,0.5840233445167542,0.5843833684921265,0.5836499929428101,3.011444801092146,1.564092760980129
500,0.5734133362770081,0.5736833214759827,0.5732166767120361,3.0174591344594948,1.5606540971994405
501,0.5726866722106934,0.5729166865348816,0.5724999904632568,3.012675251662734,1.5637167531251905
502,0.572790014743805,0.5731000304222107,0.5724000334739685,3.0101257842779168,1.5551452538371096
503,0.575873327255249,0.5760999917984009,0.5756666660308838,3.013760873079299,1.559138850569726
504,0.5819700121879577,0.5822833180427551,0.58160001039505,3.0130837976932514,1.5631634920835495
505,0.577810001373291,0.578083336353302,0.5774666666984558,3.0152442264556876,1.5619916173815722
506,0.5805700182914734,0.5809833407402039,0.5802500247955322,3.016746613383293,1.5691520988941194
507,0.581356680393219,0.5816166996955872,0.5810666680335999,3.0171635472774527,1.5688427072763433
508,0.5779166698455811,0.5782666802406311,0.5774666666984558,3.018277732729913,1.5670760485529895
509,0.5751233339309693,0.5753666758537292,0.5748166441917419,3.0200208157300934,1.5607702943682662
510,0.5756466627120972,0.5758000016212463,0.5754833221435547,3.0177169129252395,1.5609105563163754
511,0.5834200024604798,0.5835333466529846,0.5831166505813599,3.0188392707705436,1.5625701865553852
512,0.5802233576774597,0.5805166959762573,0.5797666907310486,3.0209447383880605,1.564200985133649
513,0.5758233428001404,0.5760499835014343,0.5754500031471252,3.020972104966639,1.5625920641422266
514,0.5783333539962768,0.5784500241279602,0.5781166553497314,3.02411588013172,1.5687197387218477
515,0.5765066623687745,0.5766666531562805,0.5763333439826965,3.022247927188872,1.5612705931067445
516,0.5776299953460693,0.5777666568756104,0.5774999856948853,3.023779469728471,1.5683600687980663
517,0.5764366865158081,0.5766333341598511,0.576033353805542,3.0203295546770117,1.5648387849330898
518,0.5795766711235046,0.5798500180244446,0.5793499946594238,3.023418558537961,1.5670542252063773
519,0.5743266820907593,0.5744500160217285,0.5742000341415405,3.0201090490818028,1.5671815922856325
520,0.5812233328819275,0.581416666507721,0.5810666680335999,3.0219121563434586,1.573143440186978
521,0.5763033390045166,0.5765833258628845,0.5759333372116089,3.023070754110817,1.5733612990379333
522,0.5790166616439819,0.5792166590690613,0.5788333415985107,3.022930931150914,1.569700310528277
523,0.579800009727478,0.580049991607666,0.5795833468437195,3.022252731621266,1.57283522427082
524,0.5780900120735168,0.5782333612442017,0.5778833627700806,3.025765417814255,1.5711598831415179
525,0.5790166735649109,0.5793666839599609,0.5788500308990479,3.027158144712451,1.5748039063811297
526,0.5828166723251342,0.5831166505813599,0.5824500322341919,3.024536302983763,1.571275993883608
527,0.5858666777610779,0.5861833691596985,0.5854666829109192,3.0284133782982847,1.577351810336114
528,0.5838000178337097,0.5840333104133606,0.5835500359535217,3.0284055006504054,1.5769944831728926
529,0.5744966745376587,0.574916660785675,0.5741333365440369,3.0276791653037067,1.5683197087049492
530,0.577839994430542,0.5781333446502686,0.5774499773979187,3.026042661964897,1.5793340170383448
531,0.575926661491394,0.5760999917984009,0.5756999850273132,3.027475906610488,1.5748843473196041
532,0.5784999847412109,0.5786833167076111,0.578249990940094,3.0287279844284076,1.5713436266779892
533,0.5826333522796631,0.5827500224113464,0.5825666785240173,3.028291107118127,1.5800583571195586
534,0.5800166726112366,0.5801500082015991,0.579883337020874,3.0308860132098205,1.5701622524857524
535,0.5781599998474121,0.5784666538238525,0.5779500007629395,3.0364965495467193,1.5695287248492231
536,0.584606671333313,0.5848833322525024,0.5844166874885559,3.0304874327778837,1.5747168079018592
537,0.5786433339118957,0.5788000226020813,0.5785666704177856,3.028083887994292,1.5736388409137736
538,0.5759533405303955,0.5762500166893005,0.5756833553314209,3.0271412387490306,1.5775694814324377
539,0.5801133394241333,0.5805000066757202,0.5799166560173035,3.031119951903821,1.573610614836217
540,0.5831333518028259,0.583466649055481,0.582883358001709,3.0339714694023185,1.5751417967677128
541,0.5807900071144104,0.5810999870300293,0.5805166959762573,3.0336376374959957,1.576313810646534
542,0.5722400069236755,0.5724000334739685,0.5719666481018066,3.0346746328473118,1.5749400651454923
543,0.5800166606903077,0.580133318901062,0.579883337020874,3.0360625958442675,1.5757480072975154
544,0.5803699970245362,0.5805333256721497,0.580133318901062,3.0356521522998805,1.5774104475975035
545,0.5776033520698547,0.5778833627700806,0.5774833559989929,3.0319774204492536,1.5786835315823569
546,0.5820599913597106,0.5821666717529297,0.5818833112716675,3.0395395970344574,1.5738267013430602
547,0.5807733416557312,0.5809000134468079,0.5806666612625122,3.0367856386303944,1.5829796808958057
548,0.5788133382797241,0.5790166854858398,0.5785499811172485,3.0386487096548107,1.5796636709570882
549,0.5824166655540466,0.5825333595275879,0.5821499824523926,3.0385880714654925,1.5786357286572439
550,0.5873500227928161,0.5875000357627869,0.5871833562850952,3.036822773814202,1.5768802309036247
551,0.5794100165367126,0.57955002784729,0.5791833400726318,3.032845973670484,1.5815659230947494
552,0.5775766730308532,0.5776833295822144,0.5773333311080933,3.034941816926004,1.5761855742335318
553,0.5804400086402893,0.5805833339691162,0.5802333354949951,3.0371292179822915,1.5822270795702944
554,0.5811400055885315,0.5812333226203918,0.5810333490371704,3.035503362119196,1.5821334651112566
555,0.5793500065803527,0.5795333385467529,0.5792333483695984,3.0353988659381868,1.579806897938251
556,0.5812966823577881,0.5814999938011169,0.5812166929244995,3.04061531841755,1.5843896546959886
557,0.5815966844558715,0.5818666815757751,0.5812667012214661,3.0408488401770546,1.5822694212198263
558,0.5791900038719178,0.5793666839599609,0.5789999961853027,3.0383988592028612,1.5826430106163032
559,0.580680000782013,0.5808666944503784,0.5803999900817871,3.039100587964058,1.583739428222181
560,0.5783400177955628,0.5785000324249268,0.5782666802406311,3.0438022324442855,1.588173074424267
561,0.5795133471488952,0.5798166990280151,0.5792333483695984,3.0401714086532614,1.5790000051259987
562,0.5782466650009155,0.5785499811172485,0.5780666470527649,3.0403140771389054,1.5839146977663041
563,0.5773400068283081,0.5774333477020264,0.5772500038146973,3.0445964416861533,1.5786489075422292
564,0.5752266883850098,0.5755500197410583,0.5748000144958496,3.0423763343691803,1.5863490563631046
565,0.5823533415794373,0.5824833512306213,0.5821999907493591,3.0418515235185626,1.5809230360388755
566,0.5823933362960816,0.5825666785240173,0.5822833180427551,3.0466753262281405,1.5845400655269624
567,0.5820099949836731,0.5821999907493591,0.5818666815757751,3.0443020132183984,1.5897524464130404
568,0.5833833336830139,0.5835333466529846,0.5831999778747559,3.0426672220230078,1.5850163742899883
569,0.5807299971580505,0.5808500051498413,0.5806666612625122,3.0460993018746354,1.586174639463424
570,0.5798466801643372,0.5801833271980286,0.5796000361442566,3.044872874021526,1.5972323805093773
571,0.5819899916648865,0.5822499990463257,0.5816666483879089,3.0435962751507764,1.5930329608917237
572,0.5814033269882202,0.5820000171661377,0.5807499885559082,3.0444987317919736,1.5877708607912064
573,0.5826466679573059,0.5827166438102722,0.5825333595275879,3.0446567603945733,1.5954815655946744
574,0.5825800061225891,0.5826666951179504,0.5824333429336548,3.047692402005196,1.5841225588321695
575,0.5802733302116394,0.5806000232696533,0.580049991607666,3.0486828365921954,1.5875220420956615
576,0.5770200014114379,0.5774166584014893,0.576616644859314,3.0484443339705476,1.591099451482296
577,0.5833300113677978,0.5835999846458435,0.5830166935920715,3.050227495729922,1.5851522731781007
578,0.58218332529068,0.5824666619300842,0.5819833278656006,3.0531396180391304,1.588538866341115
579,0.5803100109100342,0.5806500315666199,0.57996666431427,3.0532169634103807,1.5867975074052811
580,0.5788400053977967,0.5793166756629944,0.5785000324249268,3.051002097129823,1.5907733076810833
581,0.5863266706466674,0.5864499807357788,0.5861333608627319,3.054073027670383,1.5881967043876641
582,0.5853833317756653,0.5856666564941406,0.585183322429657,3.0491686195135115,1.5848682555556306
583,0.579230010509491,0.579466700553894,0.5790333151817322,3.0467440944910007,1.587281774282456
584,0.5844133377075196,0.5846166610717773,0.5840666890144348,3.0527958723902757,1.5889173334836975
585,0.5859466671943665,0.5862333178520203,0.5856666564941406,3.0526680913567565,1.5931238502264042
586,0.5812766671180725,0.5814999938011169,0.5809833407402039,3.0535165756940854,1.589398140013217
587,0.5803033471107483,0.5806500315666199,0.580049991607666,3.052268751263619,1.5899418145418165
588,0.5837233424186706,0.5838500261306763,0.5835999846458435,3.0527185800671592,1.5880306956171983
589,0.5783833503723145,0.5785833597183228,0.5781833529472351,3.0581248664855964,1.5926928651332852
590,0.5838966727256775,0.5841500163078308,0.5835999846458435,3.05561430424452,1.5943525004386903
591,0.5883966684341431,0.5885666608810425,0.5880833268165588,3.0537158825993527,1.5869334903359422
592,0.584636676311493,0.584850013256073,0.5845166444778442,3.053304968476297,1.5877844420075415
593,0.5833366632461547,0.5834833383560181,0.5831666588783264,3.057588176429273,1.5930382421612752
594,0.583840012550354,0.5840499997138977,0.5836166739463806,3.0546771308779714,1.5982961606979373
595,0.5796966791152954,0.5798500180244446,0.579466700553894,3.0545512822270395,1.5952630618214607
596,0.5811433434486389,0.5812166929244995,0.5809833407402039,3.0568860864639285,1.5870204481482502
597,0.583376681804657,0.5836166739463806,0.5830667018890381,3.057540986835956,1.6011970931291586
598,0.5840000033378601,0.5842166543006897,0.5836499929428101,3.0603488072752936,1.5972601014375696
599,0.5868399977684021,0.5870500206947327,0.5867166519165039,3.0617971718311288,1.6012127253413215
600,0.5844200134277344,0.5845833420753479,0.5842999815940857,3.061497074365615,1.600826646387575
601,0.5847533345222473,0.5848833322525024,0.5846666693687439,3.058396102488042,1.590372487306595
602,0.5817299962043763,0.5819833278656006,0.5816500186920166,3.0592484295368214,1.5896308189630506
603,0.578493332862854,0.5786833167076111,0.5783500075340271,3.0613966238498653,1.601747316122055
